Category,Total_Peaks,TSS_Proximal,Percent_TSS
Endo Only,1214,1142,94.06919275123559
Exo Only,939,899,95.74014909478169
Both,2937,2829,96.32277834525026
