category,correlation,pvalue
down,-0.03481414311724975,0.532988795983192
no_deg,-0.08749885687337276,0.002572757029412069
up,-0.1682621660839508,3.332488299713401e-05
