chr,start,end,neu_signal,nsc_signal,enrichment,pvalue,binding_type,binding_type_by_peaks,significant,neu_replicates_with_signal,nsc_replicates_with_signal,neu_replicate_signals,nsc_replicate_signals,region_length,cpg_length,cpg_score,cpg_name,neu_replicates_with_peaks,nsc_replicates_with_peaks,neu_peak_scores_by_rep,nsc_peak_scores_by_rep,region_start,region_end
chr13,96748199,96748403,6.020251475321071,33.17371604147922,0.1814765481139817,0.6666666666666666,nsc_only,nsc_only,False,1,2,"18.060754425963214,0.0,0.0","0.0,43.86593215027998,55.65521597415767",267,204,CpG:,1323,0,2,,5.32714;4.40742,96748259,96748526
chr9,69769052,69769266,2.442045369740144,17.25097481010682,0.1415598478707084,0.5,nsc_only,nsc_only,False,1,3,"0.0,0.0,7.326136109220433","15.312909760734525,18.421414506984057,18.01860016260187",956,214,CpG:,1117,0,2,,5.03567;6.84862,69768902,69769858
chr13,94875360,94875562,0.7283241541006529,8.806014874738134,0.0827075770891553,0.6666666666666666,nsc_only,nsc_only,False,1,2,"2.1849724623019586,0.0,0.0","0.0,7.0291095055981785,19.38893511861622",1002,202,CpG:,1308,0,2,,3.46056;2.6118,94875072,94876074
chr15,102981650,102982309,0.0,12.301057944185468,0.0,1.0,nsc_only,nsc_only,False,0,2,"0.0,0.0,0.0","28.337853076266413,8.565320756289989,0.0",1033,659,CpG:,1370,0,2,,4.84809;5.36346,102980900,102981933
chr12,20990202,20991305,0.0,16.911725506722288,0.0,1.0,nsc_only,nsc_only,False,0,2,"0.0,0.0,0.0","21.486212799917503,0.0,29.248963720249364",343,1103,CpG:,745,0,2,,4.99281;2.99185,20990231,20990574
chr6,136399201,136399416,0.0,23.62015019547189,0.0,1.0,nsc_only,nsc_only,False,0,3,"0.0,0.0,0.0","25.328497117565526,23.8018067531322,21.730146715717932",434,215,CpG:,1625,0,3,,3.71195;2.8782;3.75447,136399271,136399705
