Category,Total_Peaks,TSS_Proximal,Percent_TSS
Endo Only,917,663,72.30098146128681
Exo Only,2361,1870,79.20372723422278
Both,10348,9605,92.81986857363742
