annotation,count,percentage
Distal Intergenic,1,6.666666666666667
"Exon (ENSMUST00000056774.15/675325, exon 4 of 5)",1,6.666666666666667
"Exon (ENSMUST00000073088.2/ENSMUST00000073088.2, exon 1 of 1)",1,6.666666666666667
"Exon (ENSMUST00000112107.7/17318, exon 9 of 10)",1,6.666666666666667
"Exon (ENSMUST00000117092.1/ENSMUST00000117092.1, exon 1 of 1)",1,6.666666666666667
"Exon (ENSMUST00000118143.2/ENSMUST00000118143.2, exon 1 of 1)",1,6.666666666666667
"Exon (ENSMUST00000211922.1/ENSMUST00000211922.1, exon 1 of 1)",1,6.666666666666667
Promoter (1-2kb),1,6.666666666666667
Promoter (<=1kb),7,46.666666666666664
