Category,Total_Peaks,TSS_Proximal,Percent_TSS
Endo Only,781,501,64.14852752880921
Exo Only,1955,1505,76.98209718670077
Both,11391,10536,92.49407426915987
