gene_id,gene_name,expression_status,log2FoldChange,padj,promoter_methylation,promoter_cpg_count,gene_body_methylation,gene_body_cpg_count,mecp2_bound,binding_type,exo_signal,endo_signal
ENSMUSG00000036904,Fzd8,upregulated,1.119012171,1.07006e-09,24.785597100957897,116,25.120109511040116,161,True,both,578.1412339444256,64.8349111045713
ENSMUSG00000024258,Polr2d,upregulated,0.532291173,1.29577e-05,99.9028109768077,54,99.99999999999996,97,True,both,280.26833303482994,164.78347046891471
ENSMUSG00000087590,Epb41l4aos,upregulated,0.763950752,0.007010751,94.58698008151121,73,66.48474907484488,12,True,both,212.3282245492118,169.1844271121088
ENSMUSG00000024347,Psd2,upregulated,0.529762057,4.11597e-05,64.71250819111363,56,99.99999995158129,545,True,both,15.71455821487552,29.59190881629784
ENSMUSG00000024608,Rps14,upregulated,0.608078594,1.58986e-08,99.95118174820982,92,95.8993331750786,63,True,both,367.10714739102286,251.22138166270324
ENSMUSG00000024517,Grp,upregulated,0.863890733,1.24356e-09,99.99999999998427,41,99.99999999999017,210,True,both,6.833020912399444,49.24864331455381
ENSMUSG00000024526,Cidea,upregulated,1.474143373,0.000476216,75.53696614381217,70,99.99999999999052,270,True,both,20.2294947149939,49.59698468693568
ENSMUSG00000038524,Fchsd1,upregulated,0.672705664,0.008341494,61.9488845391447,65,99.9999974563284,168,True,both,36.760885894794406,100.7921118885932
