,median_enrichment,mean_enrichment,std_enrichment,num_genes,significant_genes,median_log2FC,mean_log2FC,median_padj,highly_significant
signal_ratio,1.030440504228456,inf,,215.0,115.0,0.668862972,0.7591809056511629,0.000131609,16.0
peak_count,1.6666666666666667,1.9145096652522395,1.1197378396931423,202.0,164.0,0.6670863175,0.7437627939306932,0.000113332,24.0
combined_score,1.6483389503324737,2.1232249996103496,2.206921074749147,210.0,177.0,0.6712719174999999,0.7613552136142857,0.0001198255,26.0
statistical,0.7265621597865423,0.6637323107868048,0.31762843297188104,202.0,0.0,0.6670863175,0.7437627939306932,0.000113332,0.0
width_weighted,1.5461925267090209,2.2461860233141455,3.0907724499031675,210.0,156.0,0.6712719174999999,0.7613552136142857,0.0001198255,23.0
coverage_score,1.5498661753875793,2.20327813444044,3.096509148560693,210.0,159.0,0.6712719174999999,0.7613552136142857,0.0001198255,23.0
area_integration,-62194863769.14195,-179272508926.53418,383184993696.9062,210.0,0.0,0.6712719174999999,0.7613552136142857,0.0001198255,0.0
