,median_enrichment,mean_enrichment,std_enrichment,num_genes,significant_genes,median_log2FC,mean_log2FC,median_padj,highly_significant
signal_ratio,1.1294610383606998,inf,,2551.0,1547.0,0.905277999,1.217151646140337,2.03207e-14,679.0
peak_count,1.1666666666666667,1.3862920560466572,0.9181443345233367,2445.0,1356.0,0.898341162,1.1969080477631902,1.23502e-14,580.0
combined_score,1.2658927381205998,1.7368446700231932,1.8363385505269392,2474.0,1649.0,0.900093715,1.210799291698464,1.263345e-14,713.0
statistical,0.8036190157455925,0.7776029085713693,0.2595559759227597,2445.0,0.0,0.898341162,1.1969080477631902,1.23502e-14,0.0
width_weighted,1.414712458409645,2.1761527033765633,2.853510832482495,2474.0,1694.0,0.900093715,1.210799291698464,1.263345e-14,728.0
coverage_score,1.3581935637468434,2.04126113161156,2.553236799531342,2474.0,1669.0,0.900093715,1.210799291698464,1.263345e-14,722.0
area_integration,0.0,0.0,0.0,2474.0,0.0,0.900093715,1.210799291698464,1.263345e-14,0.0
