,median_enrichment,mean_enrichment,std_enrichment,num_genes,significant_genes,median_log2FC,mean_log2FC,median_padj,highly_significant
signal_ratio,1.5917730966184656,inf,,2551.0,2203.0,0.905277999,1.217151646140337,2.03207e-14,937.0
peak_count,1.1666666666666667,1.3862920560466572,0.9181443345233367,2445.0,1356.0,0.898341162,1.1969080477631902,1.23502e-14,580.0
combined_score,0.4669390926700787,0.5246333246101879,0.34014268572046596,2474.0,237.0,0.900093715,1.210799291698464,1.263345e-14,96.0
statistical,0.8036190267135921,0.7776029151336212,0.2595559697177401,2445.0,0.0,0.898341162,1.1969080477631902,1.23502e-14,0.0
width_weighted,2.023088050187357,3.240522008565431,5.135818431558728,2474.0,2002.0,0.900093715,1.210799291698464,1.263345e-14,847.0
coverage_score,2.0530765810503704,3.175915845606565,4.46953343261281,2474.0,2010.0,0.900093715,1.210799291698464,1.263345e-14,856.0
area_integration,0.0,0.0,0.0,2474.0,0.0,0.900093715,1.210799291698464,1.263345e-14,0.0
