,median_enrichment,mean_enrichment,std_enrichment,num_genes,significant_genes,median_log2FC,mean_log2FC,median_padj,highly_significant
signal_ratio,0.0,0.26187602721842845,0.4071428517335068,118.0,9.0,0.771217685,0.8506805926864407,8.505010000000001e-19,2.0
peak_count,0.6666666666666666,0.6807017543859649,0.2285391101358886,38.0,0.0,0.803191199,0.8231780039736842,5.760504999999999e-20,0.0
combined_score,0.0,0.17354075249764492,0.28245461176747677,118.0,3.0,0.771217685,0.8506805926864407,8.505010000000001e-19,1.0
statistical,1.0,0.9399477720637551,0.16737681281669828,38.0,0.0,0.803191199,0.8231780039736842,5.760504999999999e-20,0.0
width_weighted,0.0,0.18572548600043887,0.3059963744021469,118.0,4.0,0.771217685,0.8506805926864407,8.505010000000001e-19,1.0
coverage_score,0.0,0.18445645230613614,0.3031673673965739,118.0,3.0,0.771217685,0.8506805926864407,8.505010000000001e-19,1.0
area_integration,0.0,0.0,0.0,80.0,0.0,0.766388003,0.8637443223249999,1.8529950000000002e-18,0.0
