category,total,higher_in_bm3,percentage
down,323,238,73.68421052631578
no_deg,1185,906,76.45569620253164
up,602,381,63.2890365448505
