Sample,TSS_Signal,TES_Signal,TSS/TES_Ratio
neuron_endo,39.667257730334924,51.454209860296274,0.77092346453353
neuron_exo,49.37923839093897,75.68113173331584,0.652464323141214
nsc_endo,15.953430132296884,20.801432910590798,0.7669389989078295
nsc_exo,20.581597106373998,24.639293412783584,0.8353160442375213
