gene_id,gene_name,expression_status,log2FoldChange,padj,promoter_methylation,promoter_cpg_count,gene_body_methylation,gene_body_cpg_count,mecp2_bound,binding_type,exo_signal,endo_signal
ENSMUSG00000052387,Trpm3,downregulated,-0.771003157,3.69715e-07,99.92182323989249,68,99.99999998836525,6357,True,both,209.09824166470707,66.88796327758895
ENSMUSG00000006435,Neurl1a,downregulated,-0.56651595,4.34291e-09,30.191199303486542,122,99.99999808921915,1232,True,both,15.72759890348425,33.02463065010058
ENSMUSG00000035283,Adrb1,downregulated,-0.604688084,0.003833202,28.848840572380535,161,23.7495080389169,142,True,both,365.0899900357574,187.64003959808176
ENSMUSG00000024642,Tle4,downregulated,-0.621191528,5.29462e-05,5.133183495995925,163,99.99999066112353,1081,True,both,3323.023691793902,3318.3136440561216
ENSMUSG00000024867,Pip5k1b,downregulated,-0.547119423,0.00272335,37.17961490471615,148,99.99999994557307,2878,True,both,183.75027064097813,87.04091653458842
ENSMUSG00000052920,Prkg1,downregulated,-0.712894437,7.27877e-06,57.286496184041994,56,99.99999999985027,8469,True,both,25.530030625313856,10.974536250928994
ENSMUSG00000025089,Gfra1,downregulated,-0.729053648,7.1962e-06,48.948092457669986,67,99.99998137319608,2507,True,both,411.439742303224,158.26811194236453
