category,unique_genes,mean_distance,median_distance
Both,7595,53.02395360564801,0
Endo Only,639,232.06727828746176,0
Exo Only,2112,151.51032583754017,0
