category,unique_genes,mean_distance,median_distance
Both,8652,67.7177559912854,0
Endo Only,635,307.7370820668693,0
Exo Only,1778,198.6814975583288,0
