annotation,count,percentage
5' UTR,1,16.666666666666664
Distal Intergenic,1,16.666666666666664
"Intron (ENSMUST00000180488.7/319970, intron 1 of 5)",1,16.666666666666664
Promoter (<=1kb),3,50
