Category,Total_Peaks,TSS_Proximal,Percent_TSS
Endo Only,796,654,82.1608040201005
Exo Only,2481,2179,87.82748891575977
Both,8358,7932,94.90308686288586
