Category,Total_Peaks,TSS_Proximal,Percent_TSS
Endo Only,784,554,70.66326530612244
Exo Only,2287,1830,80.017490161784
Both,10466,9760,93.2543474106631
