category,unique_genes,mean_distance,median_distance
Both,9054,81.14159836065573,0
Endo Only,537,298.47292418772565,0
Exo Only,1734,232.73989071038253,0
