gene_id,gene_name,expression_status,log2FoldChange,padj,promoter_methylation,promoter_cpg_count,gene_body_methylation,gene_body_cpg_count,mecp2_bound,binding_type,exo_signal,endo_signal
ENSMUSG00000016239,Lonrf3,upregulated,0.549210096,0.040744643,94.66254503902887,78,99.99997234342634,334,True,both,241.9117010343787,31.42627692407124
ENSMUSG00000031104,Rab33a,upregulated,0.544763611,0.004942084,73.77448295822221,61,99.99999989503704,113,True,both,52.30532251858862,42.85519495741397
ENSMUSG00000031217,Efnb1,upregulated,0.525809879,0.000194053,99.54159827378307,102,99.99236953951606,227,True,both,121.74610074501592,31.215328253719026
ENSMUSG00000062070,Pgk1,upregulated,0.516780362,4.30288e-05,99.99684566886725,70,99.99999995034965,151,True,both,240.9886026029405,82.7494213874338
ENSMUSG00000031245,Hmgn5,upregulated,0.712161747,2.61056e-05,99.99993162142364,66,99.9999999995739,71,True,both,80.17868634203383,122.3890781113864
ENSMUSG00000025283,Sat1,upregulated,0.5123321,0.00522741,99.99974674124174,55,66.66659114653987,33,True,both,174.54096938052268,88.84000624514984
