PlotCategory,TotalCount,TotalPercentage
Promoter,111,84.09090909090908
Gene Body,13,9.848484848484848
Intergenic,8,6.0606060606060606
