PlotCategory,TotalCount,TotalPercentage
Promoter,3957,93.30346616364065
Gene Body,152,3.584060363121905
Intergenic,132,3.112473473237444
