PlotCategory,TotalCount,TotalPercentage
Promoter,1814,94.08713692946058
Gene Body,64,3.319502074688797
Intergenic,50,2.5933609958506225
