PlotCategory,TotalCount,TotalPercentage
Promoter,61,57.00934579439252
Gene Body,37,34.57943925233644
Intergenic,9,8.411214953271028
