PlotCategory,TotalCount,TotalPercentage
Promoter,2287,87.89392774788624
Gene Body,217,8.339738662567255
Intergenic,98,3.7663335895465027
