PlotCategory,TotalCount,TotalPercentage
Promoter,868,81.50234741784037
Gene Body,150,14.08450704225352
Intergenic,47,4.413145539906103
