PlotCategory,TotalCount,TotalPercentage
Promoter,717,85.15439429928742
Gene Body,90,10.688836104513065
Intergenic,35,4.156769596199525
