PlotCategory,TotalCount,TotalPercentage
Promoter,6673,89.93261455525605
Gene Body,493,6.644204851752022
Intergenic,254,3.4231805929919137
