category,unique_genes,mean_distance,median_distance
Both,2381,43.434993924665854,0
Endo Only,946,67.10892116182572,0
Exo Only,1016,39.19189971070395,0
