gene_id,gene_name,expression_status,log2FoldChange,padj,promoter_methylation,promoter_cpg_count,gene_body_methylation,gene_body_cpg_count,mecp2_bound,binding_type,exo_signal,endo_signal
ENSMUSG00000084349,Rpl3-ps1,upregulated,0.829383569,0.001300449,100.0,45,99.99999977608684,20,False,,,
ENSMUSG00000031209,Heph,upregulated,0.612045471,0.037144713,99.99999976688194,12,99.99999999999989,566,False,,,
ENSMUSG00000048355,Arxes1,upregulated,0.554738847,7.20202e-07,66.62581063322823,57,66.66666666659582,20,False,,,
ENSMUSG00000025260,Hsd17b10,upregulated,0.56663713,3.88914e-06,99.9987314409358,46,99.74593484299699,31,False,,,
ENSMUSG00000031343,Gabra3,upregulated,0.503999913,3.26578e-07,99.99998853668869,8,99.99999999999996,1150,False,,,
ENSMUSG00000031371,Haus7,upregulated,0.81418971,1.77953e-05,99.99999999993251,51,99.9999999999623,104,False,,,
ENSMUSG00000031393,Mecp2,upregulated,4.447962785,0.0,99.99973192489578,23,99.9999997789029,607,False,,,
ENSMUSG00000016382,Pls3,upregulated,0.615604422,8.0809e-15,66.65249310168987,46,99.99999998905453,628,False,,,
