chr,start,end,exo_signal,endo_signal,enrichment,pvalue,binding_type,binding_type_by_peaks,significant,exo_replicates_with_signal,endo_replicates_with_signal,exo_replicate_signals,endo_replicate_signals,region_length,cpg_length,cpg_score,cpg_name,exo_replicates_with_peaks,endo_replicates_with_peaks,exo_peak_scores_by_rep,endo_peak_scores_by_rep,region_start,region_end
chr1,133163776,133164521,2.723296716434973,25.194976728948216,0.1080888760379759,1.0,endo_only,endo_only,False,1,2,"8.169890149304921,0.0,0.0","47.46163085813192,2.928322599764511",982,745,CpG:,1600,0,2,,8.7393;5.60356,133163257,133164239
chr6,52252739,52254111,3.082766479492188,30.22917265955608,0.1019798495384113,0.6666666666666666,endo_only,endo_only,False,1,2,"9.248299438476563,0.0,0.0","45.12174374389649,15.336601575215658",750,1372,CpG:,983,0,2,,5.22266;3.73203,52253598,52254348
chr3,66973459,66973929,2.198050445922338,33.0217648997134,0.0665636876950031,0.6666666666666666,endo_only,endo_only,False,1,2,"6.594151337767014,0.0,0.0","37.60500411066082,28.438525688765992",911,470,CpG:,1095,0,2,,5.55059;7.66103,66973338,66974249
chr6,52240323,52240829,1.0661779746540592,40.35666337685707,0.0264188831642972,0.6666666666666666,endo_only,endo_only,False,1,2,"0.0,3.1985339239621773,0.0","57.79034604781713,22.922980705897015",624,506,CpG:,983,0,2,,11.7595;2.4449,52240173,52240797
chr12,24493515,24493726,0.0,54.73459693713066,0.0,1.0,endo_only,endo_only,False,0,2,"0.0,0.0,0.0","52.80090724504911,56.66828662921221",624,211,CpG:,771,0,2,,8.5176;5.59965,24493086,24493710
