chr,start,end,neu_signal,nsc_signal,fold_change,pvalue,binding_type,binding_type_by_peaks,significant,neu_replicates_with_signal,nsc_replicates_with_signal,neu_replicate_signals,nsc_replicate_signals,region_length,cpg_length,cpg_score,cpg_name,neu_replicates_with_peaks,nsc_replicates_with_peaks,neu_peak_scores_by_rep,nsc_peak_scores_by_rep,region_start,region_end
chr13,55825478,55826646,0.3302894020080566,7.83274771118164,0.0421677569847618,0.6666666666666666,nsc_only,nsc_only,False,1,2,"0.9908682060241699,0.0,0.0","2.1985143127441407,21.29972882080078,0.0",500,1168,CpG:,1010,0,2,,2.53021;5.3947,55825462,55825962
chr3,66973459,66973929,2.160112142648597,26.942424196169902,0.0801751218420677,1.0,nsc_only,neu_only,False,1,3,"0.0,0.0,6.480336427945792","1.8129403197649614,45.536186426588635,33.47814584215611",927,470,CpG:,1095,2,1,5.55059;7.66103,12.8196,66973322,66974249
chrX,169986832,169987780,0.0,0.4501060626926493,0.0,1.0,nsc_only,nsc_only,False,0,2,"0.0,0.0,0.0","0.0,0.6553518718548035,0.6949663162231445",712,948,CpG:,1881,0,3,,6.32774;5.82669;5.01801,169986862,169987574
