Category,Total_Peaks,TSS_Proximal,Percent_TSS
Endo Only,1133,1069,94.35127978817299
Exo Only,816,782,95.83333333333334
Both,2603,2512,96.5040338071456
