condition,category,mean_signal,std_signal,n_genes
N,up,230.3921568627451,67.23765835231713,442
N,down,235.81560283687944,57.86934103653697,282
N,no_deg,233.54616895874264,61.9999022382734,1018
PP,up,237.7450980392157,53.997608913779466,442
PP,down,241.72576832151302,44.74887692552042,282
PP,no_deg,238.78519973804845,51.757177928194494,1018
DP,up,233.78582202111613,61.59144251668437,442
DP,down,236.99763593380615,55.54436358232511,282
DP,no_deg,235.67452521283562,58.11415761626087,1018
