category,unique_genes,mean_distance,median_distance
Both,9000,76.99354502863092,0
Endo Only,644,335.59276018099547,0
Exo Only,1774,236.58716577540108,0
