Category,Total_Peaks,TSS_Proximal,Percent_TSS
Endo Only,869,658,75.71921749136939
Exo Only,2192,1843,84.07846715328468
Both,9770,9180,93.96110542476971
