,median_enrichment,mean_enrichment,std_enrichment,num_genes,significant_genes,median_log2FC,mean_log2FC,median_padj,highly_significant
signal_ratio,1.233965012078163,inf,,18.0,14.0,0.6158200315,0.7094752314999999,3.243425e-05,2.0
peak_count,1.5,1.5909090909090908,0.5393598899705937,11.0,9.0,0.656623289,0.6979267573636363,2.56672e-06,1.0
combined_score,1.6706286436107394,1.586931428018912,0.6469690611582837,12.0,11.0,0.6158200315,0.6818885083333334,1.220321e-05,1.0
statistical,1.0,0.9659047639651983,0.11308110506604213,11.0,0.0,0.656623289,0.6979267573636363,2.56672e-06,0.0
width_weighted,2.140376181656729,2.146808407835133,1.0007493497472992,12.0,11.0,0.6158200315,0.6818885083333334,1.220321e-05,1.0
coverage_score,2.1474375168633357,2.1897992239570914,1.0435874443770592,12.0,11.0,0.6158200315,0.6818885083333334,1.220321e-05,1.0
area_integration,0.0,0.0,,1.0,0.0,0.505467769,0.505467769,0.025964306,0.0
