Category,Total_Peaks,TSS_Proximal,Percent_TSS
Endo Only,1029,964,93.68318756073857
Exo Only,1087,1037,95.4001839926403
Both,2564,2469,96.29485179407176
