Category,Total_Peaks,TSS_Proximal,Percent_TSS
Endo Only,1265,1189,93.99209486166008
Exo Only,991,947,95.56004036326942
Both,3196,3069,96.02628285356695
