chr,start,end,exo_signal,endo_signal,enrichment,pvalue,binding_type,binding_type_by_peaks,significant,exo_replicates_with_signal,endo_replicates_with_signal,exo_replicate_signals,endo_replicate_signals,region_length,cpg_length,cpg_score,cpg_name,exo_replicates_with_peaks,endo_replicates_with_peaks,exo_peak_scores_by_rep,endo_peak_scores_by_rep,region_start,region_end
chr12,24493515,24493726,0.0,54.73459693713066,0.0,1.0,endo_only,endo_only,False,0,2,"0.0,0.0,0.0","52.80090724504911,56.66828662921221",624,211,CpG:,771,0,2,,8.5176;5.59965,24493086,24493710
chr4,3230990,3231230,0.0,14.25885229045842,0.0,1.0,endo_only,endo_only,False,0,1,"0.0,0.0,0.0","0.0,28.51770458091684",294,240,CpG:,609,0,1,,4.98438,3230979,3231273
chr7,49636312,49636892,0.0,58.10140104934099,0.0,1.0,endo_only,endo_only,False,0,1,"0.0,0.0,0.0","0.0,116.20280209868199",283,580,CpG:,963,0,1,,7.29989,49636471,49636754
chr2,14627145,14627366,0.0,29.756485705105764,0.0,1.0,endo_only,endo_only,False,0,1,"0.0,0.0,0.0","0.0,59.51297141021153",212,221,CpG:,696,0,1,,4.05868,14627213,14627425
chr5,101659013,101659837,0.0,54.42282011827477,0.0,1.0,endo_only,endo_only,False,0,1,"0.0,0.0,0.0","108.84564023654953,0.0",494,824,CpG:,1360,0,1,,12.6701,101658616,101659110
chr2,74681964,74683076,0.0,41.79901346346227,0.0,1.0,endo_only,endo_only,False,0,1,"0.0,0.0,0.0","0.0,83.59802692692455",246,1112,CpG:,1154,0,1,,6.76447,74682101,74682347
chr15,103035731,103035967,0.0,78.51571338237514,0.0,1.0,endo_only,endo_only,False,0,2,"0.0,0.0,0.0","72.41901654899965,84.61241021575063",353,236,CpG:,1371,0,1,,8.49072,103035378,103035731
chr19,28763321,28763534,0.0,28.64379978179932,0.0,1.0,endo_only,endo_only,False,0,1,"0.0,0.0,0.0","0.0,57.28759956359863",200,213,CpG:,804,0,1,,3.8332,28763150,28763350
