category,mean_length,median_length,std_length,total_peaks
up,787.7541528239203,623.0,598.5743817940505,602
down,615.9752321981424,564.0,353.0114271629635,323
no_deg,694.3274261603376,592.0,409.9299101249821,1185
