,median_enrichment,mean_enrichment,std_enrichment,num_genes,significant_genes,median_log2FC,mean_log2FC,median_padj,highly_significant
signal_ratio,0.9610122002524466,inf,,215.0,102.0,0.668862972,0.7591809056511629,0.000131609,13.0
peak_count,1.6666666666666667,1.9145096652522395,1.1197378396931423,202.0,164.0,0.6670863175,0.7437627939306932,0.000113332,24.0
combined_score,0.5043344754873201,0.6521347881031051,0.521485126929036,210.0,48.0,0.6712719174999999,0.7613552136142857,0.0001198255,12.0
statistical,0.7265621983232945,0.6637323545203303,0.3176283988663826,202.0,0.0,0.6670863175,0.7437627939306932,0.000113332,0.0
width_weighted,1.7865073269958285,2.7992682093305308,3.6774406101848918,210.0,160.0,0.6712719174999999,0.7613552136142857,0.0001198255,23.0
coverage_score,1.817278723780935,2.866498091094331,3.8096401774628372,210.0,163.0,0.6712719174999999,0.7613552136142857,0.0001198255,24.0
area_integration,-660.5851176831588,-2092.300552848039,4987.432762452852,210.0,0.0,0.6712719174999999,0.7613552136142857,0.0001198255,0.0
