Category,Signal,mean_signal,max_signal,total_signal
up,methylation,[0.34459334],[0.46643168],[6.89186687]
up,smarcb1,[23.44191452],[26.15682129],[468.83829046]
down,methylation,[0.16521561],[0.52158265],[3.3043122]
down,smarcb1,[20.64427789],[24.94520572],[412.88555783]
no_deg,methylation,[0.19953223],[0.28135277],[3.99064455]
no_deg,smarcb1,[20.61585774],[22.88247403],[412.31715471]
