,group1,group2,statistic,pvalue
0,up,down,106942.5,0.012105475503413822
1,up,no_deg,368502.5,0.2517133970112605
2,down,no_deg,177912.5,0.05228336194461362
