,group1,group2,statistic,pvalue
0,up,down,87791.0,0.013551904187666549
1,up,no_deg,318554.0,0.00019512412424715884
2,down,no_deg,190286.0,0.8744844170327423
