PlotCategory,TotalCount,TotalPercentage
Promoter,578,93.2258064516129
Gene Body,18,2.903225806451613
Intergenic,24,3.870967741935484
