PlotCategory,TotalCount,TotalPercentage
Promoter,1414,93.64238410596028
Gene Body,42,2.781456953642384
Intergenic,54,3.576158940397351
