annotation,count,percentage
5' UTR,1,1.7857142857142856
Distal Intergenic,5,8.928571428571429
"Exon (ENSMUST00000180270.1/ENSMUST00000180270.1, exon 2 of 2)",1,1.7857142857142856
Promoter (1-2kb),2,3.571428571428571
Promoter (<=1kb),47,83.92857142857143
