PlotCategory,TotalCount,TotalPercentage
Promoter,33,64.70588235294117
Gene Body,15,29.41176470588235
Intergenic,3,5.88235294117647
