PlotCategory,TotalCount,TotalPercentage
Promoter,6777,92.89924605894447
Gene Body,327,4.482522275531185
Intergenic,191,2.618231665524332
