PlotCategory,TotalCount,TotalPercentage
Promoter,3997,92.43755781683626
Gene Body,229,5.296022201665125
Intergenic,98,2.266419981498612
