PlotCategory,TotalCount,TotalPercentage
Promoter,2096,91.64844774814168
Gene Body,148,6.471359860078706
Intergenic,43,1.880192391779624
