PlotCategory,TotalCount,TotalPercentage
Promoter,3041,86.5641901508682
Gene Body,346,9.849131796185597
Intergenic,126,3.5866780529461995
