category,unique_genes,mean_distance,median_distance
Both,9647,89.59719058466212,0
Endo Only,484,382.28343313373256,0
Exo Only,1408,263.2039867109635,0
