Category,Signal,mean_signal,max_signal,total_signal
up,methylation,0.3445933434002223,0.46643167804106905,6.891866868004446
up,smarcb1,23.441914522914356,26.156821291546773,468.83829045828713
down,methylation,0.16521560976795233,0.5215826544856738,3.3043121953590466
down,smarcb1,20.644277891552512,24.945205722981342,412.8855578310502
no_deg,methylation,0.19953222726010073,0.2813527690355998,3.9906445452020143
no_deg,smarcb1,20.615857735559793,22.882474027089074,412.3171547111958
