,median_enrichment,mean_enrichment,std_enrichment,num_genes,significant_genes,median_log2FC,mean_log2FC,median_padj,highly_significant
signal_ratio,1.5914248318319963,inf,,2551.0,2177.0,0.905277999,1.217151646140337,2.03207e-14,923.0
peak_count,1.1666666666666667,1.3862920560466572,0.9181443345233367,2445.0,1356.0,0.898341162,1.1969080477631902,1.23502e-14,580.0
combined_score,0.5380682525797991,0.5971118121794055,0.3930075713142553,2474.0,381.0,0.900093715,1.210799291698464,1.263345e-14,146.0
statistical,0.8036190157455925,0.7776029085713693,0.2595559759227597,2445.0,0.0,0.898341162,1.1969080477631902,1.23502e-14,0.0
width_weighted,1.9679236373363473,3.0144140231130505,4.088906392260209,2474.0,2028.0,0.900093715,1.210799291698464,1.263345e-14,860.0
coverage_score,1.9402037209492438,2.9157822067648382,3.7821459454951913,2474.0,2052.0,0.900093715,1.210799291698464,1.263345e-14,875.0
area_integration,0.0,0.0,0.0,2474.0,0.0,0.900093715,1.210799291698464,1.263345e-14,0.0
