binding_type,expression_status,count,mean_methylation,std_methylation,median_methylation,mean_log2FC,std_log2FC
both,downregulated,707,0.0,0.0,0.0,-0.777152227463932,0.3033724471039393
both,unchanged,1349,0.0,0.0,0.0,-0.04735610359377316,0.34704653331347135
both,upregulated,811,0.0,0.0,0.0,1.0019145535277434,0.5724699551535931
exo_only,upregulated,45,0.0,0.0,0.0,1.0593945494444446,0.5456951690151077
exo_only,unchanged,86,0.0,0.0,0.0,-0.09048885346511627,0.34592956010329345
exo_only,downregulated,44,0.0,0.0,0.0,-0.7539327887045455,0.22286148019828259
endo_only,downregulated,57,0.0,0.0,0.0,-0.7332508345438595,0.21028256083650812
endo_only,upregulated,43,0.0,0.0,0.0,1.2138150304651163,0.8478825664570496
endo_only,unchanged,75,0.0,0.0,0.0,-0.09834369484,0.3342755587755953
